fold,epoch,class,train_loss,val_loss,val_f1_macro,val_f1_micro,val_hamming_loss,lr,epoch_time_sec
1,1,,0.39895,0.280715,0.820127,0.830567,0.1082,0.001,30.38
1,2,,0.234547,0.223154,0.852322,0.862696,0.0876,0.001,29.7
1,3,,0.185843,0.195125,0.863188,0.874558,0.0745,0.001,29.65
1,4,,0.170576,0.186485,0.870885,0.880038,0.0762,0.001,29.63
1,5,,0.156823,0.172106,0.885754,0.890562,0.0683,0.001,29.64
1,6,,0.147739,0.149304,0.903412,0.91138,0.0549,0.001,29.64
1,7,,0.140473,0.157291,0.897499,0.905558,0.0593,0.001,29.64
1,8,,0.139976,0.152963,0.896352,0.905226,0.0584,0.001,29.66
1,9,,0.131841,0.138921,0.908224,0.91521,0.0524,0.001,29.65
1,10,,0.125362,0.140348,0.905782,0.914982,0.053,0.001,29.62
1,11,,0.12325,0.132054,0.914371,0.921903,0.0481,0.001,29.64
1,12,,0.118326,0.130613,0.916723,0.923745,0.0474,0.001,29.66
1,13,,0.114453,0.12905,0.917011,0.922662,0.0487,0.001,29.66
1,14,,0.11025,0.123482,0.92089,0.926546,0.0456,0.001,29.67
1,15,,0.106103,0.116611,0.923451,0.928919,0.0438,0.001,29.68
1,16,,0.107485,0.165359,0.896136,0.903817,0.0577,0.001,29.63
1,17,,0.103494,0.11598,0.927308,0.931657,0.0424,0.001,29.66
1,18,,0.0974,0.124054,0.916602,0.921691,0.0478,0.001,29.66
1,19,,0.093114,0.128854,0.918086,0.925403,0.0454,0.001,29.65
1,20,,0.09316,0.125302,0.920341,0.923888,0.0462,0.001,29.69
1,21,,0.090885,0.119659,0.923338,0.926782,0.0456,0.001,29.61
1,22,,0.086692,0.116545,0.925204,0.930558,0.0427,0.001,29.65
1,23,,0.088511,0.119736,0.921303,0.924685,0.0454,0.001,29.7
1,24,,0.084039,0.102776,0.933259,0.935839,0.0396,0.001,29.67
1,25,,0.082329,0.10667,0.931527,0.935061,0.0401,0.001,29.66
1,26,,0.086695,0.102279,0.935525,0.937893,0.0385,0.001,29.66
1,27,,0.079322,0.18818,0.886585,0.893596,0.0633,0.00075,29.66
1,28,,0.074027,0.104301,0.932272,0.934498,0.0405,0.00075,29.67
1,29,,0.069403,0.101869,0.936613,0.938829,0.0374,0.00075,29.69
1,30,,0.066587,0.096057,0.940364,0.942592,0.0353,0.00075,29.65
2,1,,0.391848,0.322779,0.791388,0.804367,0.1344,0.001,29.7
2,2,,0.224613,0.191352,0.874604,0.883582,0.0741,0.001,29.62
2,3,,0.178474,0.27,0.824888,0.820779,0.1104,0.001,29.67
2,4,,0.167472,0.153587,0.902135,0.910162,0.0564,0.001,29.65
2,5,,0.152049,0.147045,0.909256,0.916773,0.0524,0.001,29.68
2,6,,0.148856,0.14581,0.90926,0.915062,0.0538,0.001,29.66
2,7,,0.136927,0.135492,0.913586,0.919261,0.0511,0.001,29.64
2,8,,0.13319,0.13522,0.916933,0.922348,0.0492,0.001,29.7
2,9,,0.126094,0.13068,0.919039,0.923711,0.0481,0.001,29.68
2,10,,0.124934,0.123269,0.923293,0.927753,0.0454,0.001,29.69
2,11,,0.119045,0.122764,0.924409,0.929408,0.0446,0.001,29.73
2,12,,0.115459,0.122718,0.924195,0.929032,0.044,0.001,29.67
2,13,,0.110932,0.109654,0.931444,0.93571,0.0404,0.001,29.63
2,14,,0.110336,0.131306,0.922482,0.927798,0.0447,0.001,29.62
2,15,,0.106854,0.123185,0.923005,0.929757,0.044,0.001,29.63
2,16,,0.099096,0.105086,0.936331,0.938591,0.038,0.001,29.68
2,17,,0.10164,0.148914,0.91061,0.916721,0.0512,0.001,29.64
2,18,,0.102334,0.111897,0.934328,0.936685,0.0398,0.001,29.68
2,19,,0.09396,0.104949,0.933752,0.936782,0.0396,0.001,29.69
2,20,,0.090849,0.103393,0.934388,0.936969,0.0393,0.001,29.65
2,21,,0.088258,0.104415,0.940207,0.941644,0.0367,0.001,29.64
2,22,,0.086783,0.110789,0.934962,0.938295,0.0383,0.001,29.64
2,23,,0.08477,0.102018,0.936889,0.939794,0.0374,0.001,29.66
2,24,,0.080815,0.089916,0.94451,0.945652,0.034,0.001,29.68
2,25,,0.076946,0.105485,0.938762,0.940951,0.0369,0.001,29.67
2,26,,0.078416,0.114154,0.932893,0.935587,0.0404,0.001,29.67
2,27,,0.07347,0.096832,0.940823,0.943053,0.0357,0.00075,29.66
2,28,,0.069935,0.095395,0.943663,0.944647,0.0349,0.00075,29.7
2,29,,0.065301,0.095299,0.942911,0.943755,0.0349,0.00075,29.71
2,30,,0.063816,0.094922,0.94381,0.943762,0.0348,0.00075,29.67
3,1,,0.398962,0.291004,0.808715,0.821332,0.1129,0.001,29.66
3,2,,0.232298,0.204822,0.859485,0.866984,0.0838,0.001,29.66
3,3,,0.183564,0.179322,0.879099,0.886978,0.0723,0.001,29.69
3,4,,0.175038,0.173442,0.885643,0.89321,0.0681,0.001,29.64
3,5,,0.157074,0.160523,0.890687,0.897578,0.0647,0.001,29.69
3,6,,0.148143,0.149125,0.901529,0.909754,0.0569,0.001,29.65
3,7,,0.139244,0.152999,0.892904,0.902466,0.0613,0.001,29.68
3,8,,0.136401,0.14479,0.909829,0.916086,0.053,0.001,29.66
3,9,,0.131282,0.203074,0.856586,0.873634,0.0775,0.001,29.67
3,10,,0.125473,0.135105,0.910638,0.916253,0.0523,0.001,29.65
3,11,,0.12129,0.142576,0.907959,0.914811,0.0528,0.001,29.69
3,12,,0.113852,0.129111,0.913115,0.92063,0.0494,0.001,29.69
3,13,,0.114234,0.133353,0.919997,0.924103,0.0478,0.001,29.65
3,14,,0.105118,0.141494,0.91292,0.916667,0.0522,0.001,29.67
3,15,,0.105788,0.131397,0.915723,0.92064,0.0491,0.001,29.66
3,16,,0.101612,0.12269,0.918892,0.924118,0.0471,0.001,29.65
3,17,,0.101112,0.135924,0.915493,0.918595,0.0503,0.001,29.69
3,18,,0.101008,0.118467,0.924949,0.929159,0.0448,0.001,29.69
3,19,,0.096761,0.119837,0.926544,0.931594,0.043,0.001,29.64
3,20,,0.091567,0.12118,0.927713,0.930173,0.0439,0.001,29.67
3,21,,0.086621,0.1222,0.924508,0.928831,0.0451,0.001,29.64
3,22,,0.08534,0.122406,0.928935,0.930115,0.0443,0.001,29.68
3,23,,0.081464,0.116183,0.934021,0.935617,0.0406,0.001,29.65
3,24,,0.081292,0.116078,0.930417,0.932253,0.0418,0.001,29.65
3,25,,0.077606,0.119336,0.932811,0.934286,0.0414,0.001,29.65
3,26,,0.080445,0.107717,0.937339,0.938795,0.0387,0.001,29.66
3,27,,0.073876,0.125475,0.923702,0.928686,0.0446,0.00075,29.67
3,28,,0.070393,0.11212,0.934797,0.937451,0.0399,0.00075,29.64
3,29,,0.065069,0.108788,0.938869,0.940123,0.0381,0.00075,29.66
3,30,,0.063489,0.105068,0.939896,0.940951,0.037,0.00075,29.67
4,1,,0.396544,0.296868,0.814126,0.821334,0.1149,0.001,29.67
4,2,,0.22578,0.194667,0.874322,0.883178,0.0741,0.001,29.67
4,3,,0.180983,0.169029,0.887437,0.896355,0.0654,0.001,29.64
4,4,,0.161772,0.16263,0.89228,0.901867,0.0615,0.001,29.66
4,5,,0.152852,0.164087,0.890697,0.901979,0.0619,0.001,29.69
4,6,,0.144507,0.150859,0.90221,0.912121,0.0559,0.001,29.72
4,7,,0.148681,0.153157,0.900063,0.909206,0.0572,0.001,29.66
4,8,,0.134564,0.150989,0.904166,0.911932,0.0558,0.001,29.65
4,9,,0.131723,0.141061,0.914141,0.919023,0.0507,0.001,29.66
4,10,,0.122713,0.161429,0.894431,0.904754,0.0595,0.001,29.66
4,11,,0.128725,0.130425,0.920632,0.925696,0.0467,0.001,29.66
4,12,,0.119692,0.130396,0.91841,0.922484,0.0483,0.001,29.64
4,13,,0.115437,0.12025,0.926952,0.930351,0.0436,0.001,29.67
4,14,,0.111385,0.147373,0.9106,0.91693,0.0526,0.001,29.67
4,15,,0.114281,0.12015,0.923234,0.927559,0.0455,0.001,29.64
4,16,,0.106883,0.12475,0.917952,0.922037,0.0496,0.001,29.62
4,17,,0.104318,0.121081,0.924854,0.92748,0.0451,0.001,29.62
4,18,,0.100367,0.136579,0.915617,0.920757,0.0494,0.001,29.62
4,19,,0.095061,0.120265,0.929732,0.930735,0.043,0.001,29.64
4,20,,0.097216,0.118306,0.928285,0.931555,0.0431,0.001,29.65
4,21,,0.089827,0.129204,0.926097,0.92702,0.0447,0.001,29.63
4,22,,0.105092,0.155822,0.903827,0.912003,0.0533,0.001,29.66
4,23,,0.088842,0.107237,0.937291,0.93736,0.0392,0.001,29.65
4,24,,0.085836,0.107961,0.935772,0.937114,0.0397,0.001,29.69
4,25,,0.081632,0.106918,0.936779,0.937169,0.0391,0.001,29.66
4,26,,0.080639,0.105091,0.937894,0.937907,0.0391,0.001,29.68
4,27,,0.077629,0.12869,0.925026,0.927465,0.0445,0.00075,29.66
4,28,,0.072699,0.099563,0.942939,0.941572,0.0365,0.00075,29.68
4,29,,0.069452,0.116124,0.934563,0.935929,0.0395,0.00075,29.64
4,30,,0.066794,0.114759,0.934098,0.935806,0.0398,0.00075,29.65
5,1,,0.401495,0.298503,0.803227,0.808297,0.122,0.001,29.66
5,2,,0.245716,0.208019,0.858508,0.864848,0.0877,0.001,29.62
5,3,,0.190956,0.169439,0.884968,0.893775,0.0657,0.001,29.63
5,4,,0.169592,0.149914,0.903069,0.907637,0.0589,0.001,29.63
5,5,,0.152885,0.139361,0.909301,0.915076,0.0534,0.001,29.62
5,6,,0.148646,0.163695,0.890553,0.894855,0.0658,0.001,29.65
5,7,,0.144654,0.135222,0.912982,0.918732,0.0518,0.001,29.65
5,8,,0.138958,0.139185,0.911843,0.916719,0.053,0.001,29.67
5,9,,0.129208,0.123377,0.920741,0.9262,0.0469,0.001,29.64
5,10,,0.12264,0.137889,0.909926,0.915324,0.0536,0.001,29.63
5,11,,0.11909,0.128811,0.919101,0.922411,0.0484,0.001,29.66
5,12,,0.123651,0.128151,0.91873,0.925036,0.0465,0.001,29.63
5,13,,0.113977,0.113748,0.926376,0.930665,0.044,0.001,29.66
5,14,,0.110321,0.108956,0.93061,0.934915,0.0406,0.001,29.63
5,15,,0.107498,0.109362,0.927719,0.932889,0.0423,0.001,29.62
5,16,,0.101763,0.107075,0.927574,0.932094,0.0431,0.001,29.68
5,17,,0.098215,0.10878,0.933462,0.936237,0.0404,0.001,29.67
5,18,,0.095423,0.099226,0.933985,0.937299,0.039,0.001,29.66
5,19,,0.096903,0.107832,0.930932,0.935053,0.0408,0.001,29.65
5,20,,0.091145,0.100424,0.935372,0.939044,0.038,0.001,29.7
5,21,,0.089879,0.102837,0.935613,0.938515,0.0386,0.001,29.69
5,22,,0.0859,0.102198,0.936558,0.938769,0.0383,0.001,29.67
5,23,,0.085412,0.096115,0.938739,0.940763,0.0371,0.001,29.67
5,24,,0.086958,0.10125,0.933274,0.9375,0.039,0.001,29.72
5,25,,0.081478,0.098759,0.939416,0.941025,0.0367,0.001,29.66
5,26,,0.077933,0.095608,0.941585,0.943342,0.0357,0.001,29.7
5,27,,0.072883,0.101236,0.935938,0.938982,0.0386,0.00075,29.65
5,28,,0.069631,0.090876,0.941686,0.944109,0.0352,0.00075,29.67
5,29,,0.066856,0.089788,0.941925,0.944276,0.0349,0.00075,29.69
5,30,,0.062868,0.099283,0.940173,0.943324,0.0354,0.00075,29.68
